.. |AArch32| replace:: :term:`AArch32`
.. |AArch64| replace:: :term:`AArch64`
.. |AMU| replace:: :term:`AMU`
.. |AMUs| replace:: :term:`AMUs <AMU>`
.. |API| replace:: :term:`API`
.. |BTI| replace:: :term:`BTI`
.. |CoT| replace:: :term:`CoT`
.. |COT| replace:: :term:`COT`
.. |CSS| replace:: :term:`CSS`
.. |CVE| replace:: :term:`CVE`
.. |DICE| replace:: :term:`DICE`
.. |DPE| replace:: :term:`DPE`
.. |DTB| replace:: :term:`DTB`
.. |DS-5| replace:: :term:`DS-5`
.. |DSU| replace:: :term:`DSU`
.. |DT| replace:: :term:`DT`
.. |EL| replace:: :term:`EL`
.. |EHF| replace:: :term:`EHF`
.. |FCONF| replace:: :term:`FCONF`
.. |FDT| replace:: :term:`FDT`
.. |FF-A| replace:: :term:`FF-A`
.. |FIP| replace:: :term:`FIP`
.. |FVP| replace:: :term:`FVP`
.. |FWU| replace:: :term:`FWU`
.. |GIC| replace:: :term:`GIC`
.. |HES| replace:: :term:`HES`
.. |ISA| replace:: :term:`ISA`
.. |Linaro| replace:: :term:`Linaro`
.. |MMU| replace:: :term:`MMU`
.. |MPAM| replace:: :term:`MPAM`
.. |MPMM| replace:: :term:`MPMM`
.. |MPIDR| replace:: :term:`MPIDR`
.. |MTE| replace:: :term:`MTE`
.. |OEN| replace:: :term:`OEN`
.. |OP-TEE| replace:: :term:`OP-TEE`
.. |OTE| replace:: :term:`OTE`
.. |PCR| replace:: :term:`PCR`
.. |PDD| replace:: :term:`PDD`
.. |PAUTH| replace:: :term:`PAUTH`
.. |PMF| replace:: :term:`PMF`
.. |PSCI| replace:: :term:`PSCI`
.. |RAS| replace:: :term:`RAS`
.. |ROT| replace:: :term:`ROT`
.. |RSE| replace:: :term:`RSE`
.. |SCMI| replace:: :term:`SCMI`
.. |SCP| replace:: :term:`SCP`
.. |SDEI| replace:: :term:`SDEI`
.. |SDS| replace:: :term:`SDS`
.. |SEA| replace:: :term:`SEA`
.. |SiP| replace:: :term:`SiP`
.. |SIP| replace:: :term:`SIP`
.. |SMC| replace:: :term:`SMC`
.. |SMCCC| replace:: :term:`SMCCC`
.. |SoC| replace:: :term:`SoC`
.. |SP| replace:: :term:`SP`
.. |SPD| replace:: :term:`SPD`
.. |SPM| replace:: :term:`SPM`
.. |SRTM| replace:: :term:`SRTM`
.. |SSBS| replace:: :term:`SSBS`
.. |SVE| replace:: :term:`SVE`
.. |TBB| replace:: :term:`TBB`
.. |TBBR| replace:: :term:`TBBR`
.. |TCB| replace:: :term:`TCB`
.. |TCG| replace:: :term:`TCG`
.. |TEE| replace:: :term:`TEE`
.. |TF-A| replace:: :term:`TF-A`
.. |TF-M| replace:: :term:`TF-M`
.. |TLB| replace:: :term:`TLB`
.. |TLK| replace:: :term:`TLK`
.. |TPM| replace:: :term:`TPM`
.. |TRNG| replace:: :term:`TRNG`
.. |TSP| replace:: :term:`TSP`
.. |TZC| replace:: :term:`TZC`
.. |UBSAN| replace:: :term:`UBSAN`
.. |UEFI| replace:: :term:`UEFI`
.. |WDOG| replace:: :term:`WDOG`
.. |XLAT| replace:: :term:`XLAT`
.. |ERRATA_ABI| replace:: :term:`ERRATA_ABI`
